experiment,phase,model,target_interval_sec,attacker_share,confirmations,acceptance_policy,success_probability,ci_lower,ci_upper,expected_wait_sec,median_wait_sec,expected_work
P0_analytical_baseline,I,analytical_exact,,0.01,1,600s × 1,0.0003010101010100901,,,,,
P0_analytical_baseline,I,analytical_poisson,,0.01,1,600s × 1,0.000252682928648551,,,,,
P0_analytical_baseline,I,analytical_exact,,0.01,1,600s × 1,0.02000000000000001,,,,,
P0_analytical_baseline,I,analytical_poisson,,0.01,1,600s × 1,0.020049659504318806,,,,,
P0_analytical_baseline,I,analytical_exact,,0.01,2,600s × 2,9.950101010176317e-06,,,,,
P0_analytical_baseline,I,analytical_poisson,,0.01,2,600s × 2,6.4034869833307084e-06,,,,,
P0_analytical_baseline,I,analytical_exact,,0.01,2,600s × 2,0.0005960000000000207,,,,,
P0_analytical_baseline,I,analytical_poisson,,0.01,2,600s × 2,0.0005013028220883786,,,,,
P0_analytical_baseline,I,analytical_exact,,0.01,3,600s × 3,3.4512100999084063e-07,,,,,
P0_analytical_baseline,I,analytical_poisson,,0.01,3,600s × 3,1.6558652515819006e-07,,,,,
P0_analytical_baseline,I,analytical_exact,,0.01,3,600s × 3,1.9701199999916557e-05,,,,,
P0_analytical_baseline,I,analytical_poisson,,0.01,3,600s × 3,1.3032317209504818e-05,,,,,
P0_analytical_baseline,I,analytical_exact,,0.01,5,600s × 5,4.4701366317646615e-10,,,,,
P0_analytical_baseline,I,analytical_poisson,,0.01,5,600s × 5,1.1439083014153084e-10,,,,,
P0_analytical_baseline,I,analytical_exact,,0.01,5,600s × 5,2.4370737284057203e-08,,,,,
P0_analytical_baseline,I,analytical_poisson,,0.01,5,600s × 5,9.161424951997788e-09,,,,,
P0_analytical_baseline,I,analytical_exact,,0.01,10,600s × 10,1.703394491456759e-17,,,,,
P0_analytical_baseline,I,analytical_poisson,,0.01,10,600s × 10,0.0,,,,,
P0_analytical_baseline,I,analytical_exact,,0.01,10,600s × 10,1.6280665905281624e-15,,,,,
P0_analytical_baseline,I,analytical_poisson,,0.01,10,600s × 10,1.1102230246251565e-16,,,,,
P0_analytical_baseline,I,analytical_exact,,0.05,1,600s × 1,0.007631578947368479,,,,,
P0_analytical_baseline,I,analytical_poisson,,0.05,1,600s × 1,0.006593508459243003,,,,,
P0_analytical_baseline,I,analytical_exact,,0.05,1,600s × 1,0.10000000000000005,,,,,
P0_analytical_baseline,I,analytical_poisson,,0.05,1,600s × 1,0.10120365051074376,,,,,
P0_analytical_baseline,I,analytical_exact,,0.05,2,600s × 2,0.00121907894736841,,,,,
P0_analytical_baseline,I,analytical_poisson,,0.05,2,600s × 2,0.0008358089685520653,,,,,
P0_analytical_baseline,I,analytical_exact,,0.05,2,600s × 2,0.01449999999999998,,,,,
P0_analytical_baseline,I,analytical_poisson,,0.05,2,600s × 2,0.012646260399183706,,,,,
P0_analytical_baseline,I,analytical_exact,,0.05,3,600s × 3,0.00020376644736864715,,,,,
P0_analytical_baseline,I,analytical_poisson,,0.05,3,600s × 3,0.00010801577778452032,,,,,
P0_analytical_baseline,I,analytical_exact,,0.05,3,600s × 3,0.0023162500000002326,,,,,
P0_analytical_baseline,I,analytical_poisson,,0.05,3,600s × 3,0.001641321091248149,,,,,
P0_analytical_baseline,I,analytical_exact,,0.05,5,600s × 5,6.106679009417566e-06,,,,,
P0_analytical_baseline,I,analytical_poisson,,0.05,5,600s × 5,1.8618671183689983e-06,,,,,
P0_analytical_baseline,I,analytical_exact,,0.05,5,600s × 5,6.644441406286355e-05,,,,,
P0_analytical_baseline,I,analytical_poisson,,0.05,5,600s × 5,2.8745518771300382e-05,,,,,
P0_analytical_baseline,I,analytical_exact,,0.05,10,600s × 10,1.1348396857711494e-09,,,,,
P0_analytical_baseline,I,analytical_poisson,,0.05,10,600s × 10,7.84150522292748e-11,,,,,
P0_analytical_baseline,I,analytical_exact,,0.05,10,600s × 10,1.1878677858219526e-08,,,,,
P0_analytical_baseline,I,analytical_poisson,,0.05,10,600s × 10,1.2507451740972897e-09,,,,,
P0_analytical_baseline,I,analytical_exact,,0.1,1,600s × 1,0.031111111111111124,,,,,
P0_analytical_baseline,I,analytical_poisson,,0.1,1,600s × 1,0.02782889037451186,,,,,
P0_analytical_baseline,I,analytical_exact,,0.1,1,600s × 1,0.19999999999999998,,,,,
P0_analytical_baseline,I,analytical_poisson,,0.1,1,600s × 1,0.20458727394278242,,,,,
P0_analytical_baseline,I,analytical_exact,,0.1,2,600s × 2,0.00951111111111104,,,,,
P0_analytical_baseline,I,analytical_poisson,,0.1,2,600s × 2,0.007041684174493135,,,,,
P0_analytical_baseline,I,analytical_exact,,0.1,2,600s × 2,0.055999999999999925,,,,,
P0_analytical_baseline,I,analytical_poisson,,0.1,2,600s × 2,0.05097789283933862,,,,,
P0_analytical_baseline,I,analytical_exact,,0.1,3,600s × 3,0.003031111111110994,,,,,
P0_analytical_baseline,I,analytical_poisson,,0.1,3,600s × 3,0.0018143303392115229,,,,,
P0_analytical_baseline,I,analytical_exact,,0.1,3,600s × 3,0.017119999999999906,,,,,
P0_analytical_baseline,I,analytical_poisson,,0.1,3,600s × 3,0.013172241678896524,,,,,
P0_analytical_baseline,I,analytical_exact,,0.1,5,600s × 5,0.0003285623111111653,,,,,
P0_analytical_baseline,I,analytical_poisson,,0.1,5,600s × 5,0.00012412134919070894,,,,,
P0_analytical_baseline,I,analytical_exact,,0.1,5,600s × 5,0.0017818400000000187,,,,,
P0_analytical_baseline,I,analytical_poisson,,0.1,5,600s × 5,0.0009136821879279777,,,,,
P0_analytical_baseline,I,analytical_exact,,0.1,10,600s × 10,1.5034055229799991e-06,,,,,
P0_analytical_baseline,I,analytical_poisson,,0.1,10,600s × 10,1.6365735844292573e-07,,,,,
P0_analytical_baseline,I,analytical_exact,,0.1,10,600s × 10,7.859764652798608e-06,,,,,
P0_analytical_baseline,I,analytical_poisson,,0.1,10,600s × 10,1.2414021748341497e-06,,,,,
P0_analytical_baseline,I,analytical_exact,,0.15,1,600s × 1,0.07147058823529419,,,,,
P0_analytical_baseline,I,analytical_poisson,,0.15,1,600s × 1,0.06606247321728032,,,,,
P0_analytical_baseline,I,analytical_exact,,0.15,1,600s × 1,0.30000000000000004,,,,,
P0_analytical_baseline,I,analytical_poisson,,0.15,1,600s × 1,0.3096983497692942,,,,,
P0_analytical_baseline,I,analytical_exact,,0.15,2,600s × 2,0.03130808823529417,,,,,
P0_analytical_baseline,I,analytical_poisson,,0.15,2,600s × 2,0.024943397615244667,,,,,
P0_analytical_baseline,I,analytical_exact,,0.15,2,600s × 2,0.1215000000000001,,,,,
P0_analytical_baseline,I,analytical_poisson,,0.15,2,600s × 2,0.1150410302791336,,,,,
P0_analytical_baseline,I,analytical_exact,,0.15,3,600s × 3,0.014239025735294305,,,,,
P0_analytical_baseline,I,analytical_poisson,,0.15,3,600s × 3,0.009576559056836298,,,,,
P0_analytical_baseline,I,analytical_exact,,0.15,3,600s × 3,0.05322375000000017,,,,,
P0_analytical_baseline,I,analytical_poisson,,0.15,3,600s × 3,0.04422780528370407,,,,,
P0_analytical_baseline,I,analytical_exact,,0.15,5,600s × 5,0.003125721859122434,,,,,
P0_analytical_baseline,I,analytical_poisson,,0.15,5,600s × 5,0.0014520880064697872,,,,,
P0_analytical_baseline,I,analytical_exact,,0.15,5,600s × 5,0.0112573262109377,,,,,
P0_analytical_baseline,I,analytical_poisson,,0.15,5,600s × 5,0.006783781183198112,,,,,
P0_analytical_baseline,I,analytical_exact,,0.15,10,600s × 10,8.246486402270747e-05,,,,,
P0_analytical_baseline,I,analytical_poisson,,0.15,10,600s × 10,1.3960792130673916e-05,,,,,
P0_analytical_baseline,I,analytical_exact,,0.15,10,600s × 10,0.00028701473783073383,,,,,
P0_analytical_baseline,I,analytical_poisson,,0.15,10,600s × 10,6.700566400430485e-05,,,,,
P0_analytical_baseline,I,analytical_exact,,0.2,1,600s × 1,0.12999999999999995,,,,,
P0_analytical_baseline,I,analytical_poisson,,0.2,1,600s × 1,0.12384911904466955,,,,,
P0_analytical_baseline,I,analytical_exact,,0.2,1,600s × 1,0.39999999999999997,,,,,
P0_analytical_baseline,I,analytical_poisson,,0.2,1,600s × 1,0.41589941269644637,,,,,
P0_analytical_baseline,I,analytical_exact,,0.2,2,600s × 2,0.0724,,,,,
P0_analytical_baseline,I,analytical_poisson,,0.2,2,600s × 2,0.061772885757020224,,,,,
P0_analytical_baseline,I,analytical_exact,,0.2,2,600s × 2,0.208,,,,,
P0_analytical_baseline,I,analytical_poisson,,0.2,2,600s × 2,0.20392850912716864,,,,,
P0_analytical_baseline,I,analytical_exact,,0.2,3,600s × 3,0.04167999999999987,,,,,
P0_analytical_baseline,I,analytical_poisson,,0.2,3,600s × 3,0.031279530511590825,,,,,
P0_analytical_baseline,I,analytical_exact,,0.2,3,600s × 3,0.11583999999999987,,,,,
P0_analytical_baseline,I,analytical_poisson,,0.2,3,600s × 3,0.10324162253072999,,,,,
P0_analytical_baseline,I,analytical_exact,,0.2,5,600s × 5,0.014567756799999517,,,,,
P0_analytical_baseline,I,analytical_poisson,,0.2,5,600s × 5,0.008232449101215789,,,,,
P0_analytical_baseline,I,analytical_exact,,0.2,5,600s × 5,0.03916287999999953,,,,,
P0_analytical_baseline,I,analytical_poisson,,0.2,5,600s × 5,0.02741554005309732,,,,,
P0_analytical_baseline,I,analytical_exact,,0.2,10,600s × 10,0.0012121205478262836,,,,,
P0_analytical_baseline,I,analytical_poisson,,0.2,10,600s × 10,0.0003129583819645454,,,,,
P0_analytical_baseline,I,analytical_exact,,0.2,10,600s × 10,0.003158241098331755,,,,,
P0_analytical_baseline,I,analytical_poisson,,0.2,10,600s × 10,0.001066952797483256,,,,,
P0_analytical_baseline,I,analytical_exact,,0.25,1,600s × 1,0.20833333333333331,,,,,
P0_analytical_baseline,I,analytical_poisson,,0.25,1,600s × 1,0.20385409936245635,,,,,
P0_analytical_baseline,I,analytical_exact,,0.25,1,600s × 1,0.5,,,,,
P0_analytical_baseline,I,analytical_poisson,,0.25,1,600s × 1,0.5223124596174737,,,,,
P0_analytical_baseline,I,analytical_exact,,0.25,2,600s × 2,0.13802083333333334,,,,,
P0_analytical_baseline,I,analytical_poisson,,0.25,2,600s × 2,0.12528935275928765,,,,,
P0_analytical_baseline,I,analytical_exact,,0.25,2,600s × 2,0.3125,,,,,
P0_analytical_baseline,I,analytical_poisson,,0.25,2,600s × 2,0.31544384128987724,,,,,
P0_analytical_baseline,I,analytical_exact,,0.25,3,600s × 3,0.09407552083333322,,,,,
P0_analytical_baseline,I,analytical_poisson,,0.25,3,600s × 3,0.07803053632342227,,,,,
P0_analytical_baseline,I,analytical_exact,,0.25,3,600s × 3,0.2070312499999999,,,,,
P0_analytical_baseline,I,analytical_poisson,,0.25,3,600s × 3,0.19611529521795923,,,,,
P0_analytical_baseline,I,analytical_exact,,0.25,5,600s × 5,0.045770009358723635,,,,,
P0_analytical_baseline,I,analytical_poisson,,0.25,5,600s × 5,0.03098697634286529,,,,,
P0_analytical_baseline,I,analytical_exact,,0.25,5,600s × 5,0.09785461425781222,,,,,
P0_analytical_baseline,I,analytical_poisson,,0.25,5,600s × 5,0.07835701207967494,,,,,
P0_analytical_baseline,I,analytical_exact,,0.25,10,600s × 10,0.008563613978668089,,,,,
P0_analytical_baseline,I,analytical_poisson,,0.25,10,600s × 10,0.003277714314719904,,,,,
P0_analytical_baseline,I,analytical_exact,,0.25,10,600s × 10,0.017806558607842207,,,,,
P0_analytical_baseline,I,analytical_poisson,,0.25,10,600s × 10,0.008450100042087683,,,,,
P0_analytical_baseline,I,analytical_exact,,0.3,1,600s × 1,0.30857142857142866,,,,,
P0_analytical_baseline,I,analytical_poisson,,0.3,1,600s × 1,0.30867691853847157,,,,,
P0_analytical_baseline,I,analytical_exact,,0.3,1,600s × 1,0.6000000000000001,,,,,
P0_analytical_baseline,I,analytical_poisson,,0.3,1,600s × 1,0.627749109982254,,,,,
P0_analytical_baseline,I,analytical_exact,,0.3,2,600s × 2,0.23297142857142886,,,,,
P0_analytical_baseline,I,analytical_poisson,,0.3,2,600s × 2,0.2230141484398701,,,,,
P0_analytical_baseline,I,analytical_exact,,0.3,2,600s × 2,0.43200000000000016,,,,,
P0_analytical_baseline,I,analytical_poisson,,0.3,2,600s × 2,0.44571709952398375,,,,,
P0_analytical_baseline,I,analytical_exact,,0.3,3,600s × 3,0.18005142857142897,,,,,
P0_analytical_baseline,I,analytical_poisson,,0.3,3,600s × 3,0.1629264269067332,,,,,
P0_analytical_baseline,I,analytical_exact,,0.3,3,600s × 3,0.3261600000000003,,,,,
P0_analytical_baseline,I,analytical_poisson,,0.3,3,600s × 3,0.32458410182048103,,,,,
P0_analytical_baseline,I,analytical_exact,,0.3,5,600s × 5,0.11174970137142892,,,,,
P0_analytical_baseline,I,analytical_poisson,,0.3,5,600s × 5,0.08874442568714558,,,,,
P0_analytical_baseline,I,analytical_exact,,0.3,5,600s × 5,0.19761732000000035,,,,,
P0_analytical_baseline,I,analytical_poisson,,0.3,5,600s × 5,0.1773523113609451,,,,,
P0_analytical_baseline,I,analytical_exact,,0.3,10,600s × 10,0.03769991528754782,,,,,
P0_analytical_baseline,I,analytical_poisson,,0.3,10,600s × 10,0.02054626120387293,,,,,
P0_analytical_baseline,I,analytical_exact,,0.3,10,600s × 10,0.0651067137626013,,,,,
P0_analytical_baseline,I,analytical_poisson,,0.3,10,600s × 10,0.04166047996897937,,,,,
P0_analytical_baseline,I,analytical_exact,,0.35,1,600s × 1,0.4334615384615384,,,,,
P0_analytical_baseline,I,analytical_poisson,,0.35,1,600s × 1,0.44052918663160356,,,,,
P0_analytical_baseline,I,analytical_exact,,0.35,1,600s × 1,0.7,,,,,
P0_analytical_baseline,I,analytical_poisson,,0.35,1,600s × 1,0.7306251639337351,,,,,
P0_analytical_baseline,I,analytical_exact,,0.35,2,600s × 2,0.3617990384615384,,,,,
P0_analytical_baseline,I,analytical_poisson,,0.35,2,600s × 2,0.3608891643072497,,,,,
P0_analytical_baseline,I,analytical_exact,,0.35,2,600s × 2,0.5634999999999999,,,,,
P0_analytical_baseline,I,analytical_poisson,,0.35,2,600s × 2,0.588810786934213,,,,,
P0_analytical_baseline,I,analytical_exact,,0.35,3,600s × 3,0.3074549759615386,,,,,
P0_analytical_baseline,I,analytical_poisson,,0.35,3,600s × 3,0.29822301608385726,,,,,
P0_analytical_baseline,I,analytical_exact,,0.35,3,600s × 3,0.4703387500000001,,,,,
P0_analytical_baseline,I,analytical_poisson,,0.35,3,600s × 3,0.4844586102681797,,,,,
P0_analytical_baseline,I,analytical_exact,,0.35,5,600s × 5,0.22874419064786639,,,,,
P0_analytical_baseline,I,analytical_poisson,,0.35,5,600s × 5,0.20701897156923144,,,,,
P0_analytical_baseline,I,analytical_exact,,0.35,5,600s × 5,0.34343857105468734,,,,,
P0_analytical_baseline,I,analytical_poisson,,0.35,5,600s × 5,0.33636477529888165,,,,,
P0_analytical_baseline,I,analytical_exact,,0.35,10,600s × 10,0.11874077625846857,,,,,
P0_analytical_baseline,I,analytical_poisson,,0.35,10,600s × 10,0.08710102050000967,,,,,
P0_analytical_baseline,I,analytical_exact,,0.35,10,600s × 10,0.174947200740346,,,,,
P0_analytical_baseline,I,analytical_poisson,,0.35,10,600s × 10,0.14280535760069601,,,,,
P0_analytical_baseline,I,analytical_exact,,0.4,1,600s × 1,0.5866666666666667,,,,,
P0_analytical_baseline,I,analytical_poisson,,0.4,1,600s × 1,0.6006755740857618,,,,,
P0_analytical_baseline,I,analytical_exact,,0.4,1,600s × 1,0.8,,,,,
P0_analytical_baseline,I,analytical_poisson,,0.4,1,600s × 1,0.8288609603224694,,,,,
P0_analytical_baseline,I,analytical_exact,,0.4,2,600s × 2,0.5290666666666668,,,,,
P0_analytical_baseline,I,analytical_poisson,,0.4,2,600s × 2,0.5411457225392906,,,,,
P0_analytical_baseline,I,analytical_exact,,0.4,2,600s × 2,0.7040000000000002,,,,,
P0_analytical_baseline,I,analytical_poisson,,0.4,2,600s × 2,0.7364028618842733,,,,,
P0_analytical_baseline,I,analytical_exact,,0.4,3,600s × 3,0.48298666666666673,,,,,
P0_analytical_baseline,I,analytical_poisson,,0.4,3,600s × 3,0.4904041804053475,,,,,
P0_analytical_baseline,I,analytical_exact,,0.4,3,600s × 3,0.6348800000000001,,,,,
P0_analytical_baseline,I,analytical_poisson,,0.4,3,600s × 3,0.6641680008572945,,,,,
P0_analytical_baseline,I,analytical_exact,,0.4,5,600s × 5,0.41083644586666657,,,,,
P0_analytical_baseline,I,analytical_poisson,,0.4,5,600s × 5,0.40747242417057916,,,,,
P0_analytical_baseline,I,analytical_exact,,0.4,5,600s × 5,0.53313536,,,,,
P0_analytical_baseline,I,analytical_poisson,,0.4,5,600s × 5,0.5506251290702074,,,,,
P0_analytical_baseline,I,analytical_exact,,0.4,10,600s × 10,0.2906297772696198,,,,,
P0_analytical_baseline,I,analytical_poisson,,0.4,10,600s × 10,0.26550226114450504,,,,,
P0_analytical_baseline,I,analytical_exact,,0.4,10,600s × 10,0.3721840428308222,,,,,
P0_analytical_baseline,I,analytical_poisson,,0.4,10,600s × 10,0.3599763240066036,,,,,
P0_analytical_baseline,I,analytical_exact,,0.45,1,600s × 1,0.7731818181818181,,,,,
P0_analytical_baseline,I,analytical_poisson,,0.45,1,600s × 1,0.7884998038836439,,,,,
P0_analytical_baseline,I,analytical_exact,,0.45,1,600s × 1,0.8999999999999999,,,,,
P0_analytical_baseline,I,analytical_poisson,,0.45,1,600s × 1,0.9197757876800029,,,,,
P0_analytical_baseline,I,analytical_exact,,0.45,2,600s × 2,0.739769318181818,,,,,
P0_analytical_baseline,I,analytical_poisson,,0.45,2,600s × 2,0.759237924933384,,,,,
P0_analytical_baseline,I,analytical_exact,,0.45,2,600s × 2,0.8504999999999998,,,,,
P0_analytical_baseline,I,analytical_poisson,,0.45,2,600s × 2,0.8777174393950844,,,,,
P0_analytical_baseline,I,analytical_exact,,0.45,3,600s × 3,0.7122040056818182,,,,,
P0_analytical_baseline,I,analytical_poisson,,0.45,3,600s × 3,0.7331873473534987,,,,,
P0_analytical_baseline,I,analytical_exact,,0.45,3,600s × 3,0.8137462499999999,,,,,
P0_analytical_baseline,I,analytical_poisson,,0.45,3,600s × 3,0.8443949783213225,,,,,
P0_analytical_baseline,I,analytical_exact,,0.45,5,600s × 5,0.6670498530384587,,,,,
P0_analytical_baseline,I,analytical_poisson,,0.45,5,600s × 5,0.6878674205945214,,,,,
P0_analytical_baseline,I,analytical_exact,,0.45,5,600s × 5,0.7571581091015623,,,,,
P0_analytical_baseline,I,analytical_poisson,,0.45,5,600s × 5,0.789785814061307,,,,,
P0_analytical_baseline,I,analytical_exact,,0.45,10,600s × 10,0.5836302087334432,,,,,
P0_analytical_baseline,I,analytical_poisson,,0.45,10,600s × 10,0.5976309781307891,,,,,
P0_analytical_baseline,I,analytical_exact,,0.45,10,600s × 10,0.6579281751567838,,,,,
P0_analytical_baseline,I,analytical_poisson,,0.45,10,600s × 10,0.6854240103232614,,,,,
P0_analytical_baseline,I,analytical_exact,,0.49,1,600s × 1,0.9509843137254901,,,,,
P0_analytical_baseline,I,analytical_poisson,,0.49,1,600s × 1,0.9561658503349567,,,,,
P0_analytical_baseline,I,analytical_exact,,0.49,1,600s × 1,0.98,,,,,
P0_analytical_baseline,I,analytical_poisson,,0.49,1,600s × 1,0.9849963648797503,,,,,
P0_analytical_baseline,I,analytical_exact,,0.49,2,600s × 2,0.9436372537254901,,,,,
P0_analytical_baseline,I,analytical_poisson,,0.49,2,600s × 2,0.9512197480004156,,,,,
P0_analytical_baseline,I,analytical_exact,,0.49,2,600s × 2,0.9700039999999999,,,,,
P0_analytical_baseline,I,analytical_poisson,,0.49,2,600s × 2,0.9777142023846626,,,,,
P0_analytical_baseline,I,analytical_exact,,0.49,3,600s × 3,0.9375171527454901,,,,,
P0_analytical_baseline,I,analytical_poisson,,0.49,3,600s × 3,0.946809771873557,,,,,
P0_analytical_baseline,I,analytical_exact,,0.49,3,600s × 3,0.9625099988,,,,,
P0_analytical_baseline,I,analytical_poisson,,0.49,3,600s × 3,0.9721313580183153,,,,,
P0_analytical_baseline,I,analytical_exact,,0.49,5,600s × 5,0.9273484817940677,,,,,
P0_analytical_baseline,I,analytical_poisson,,0.49,5,600s × 5,0.9391522545570484,,,,,
P0_analytical_baseline,I,analytical_exact,,0.49,5,600s × 5,0.9508074905517997,,,,,
P0_analytical_baseline,I,analytical_poisson,,0.49,5,600s × 5,0.9632123913400411,,,,,
P0_analytical_baseline,I,analytical_exact,,0.49,10,600s × 10,0.9079370608092853,,,,,
P0_analytical_baseline,I,analytical_poisson,,0.49,10,600s × 10,0.9237949159702747,,,,,
P0_analytical_baseline,I,analytical_exact,,0.49,10,600s × 10,0.9296056726466805,,,,,
P0_analytical_baseline,I,analytical_poisson,,0.49,10,600s × 10,0.9464793832760894,,,,,
P1_validate_simulators,I,event_bernoulli,600.0,0.05,1,600s × 1,0.009333333333333334,0.006465358822840601,0.013456284726279282,600.0,415.8883083359673,1.0
P1_validate_simulators,I,distribution,600.0,0.05,1,600s × 1,0.008,0.005381913474637303,0.011876473671083446,600.0,415.8883083359673,1.0
P1_validate_simulators,I,event_bernoulli,600.0,0.05,1,600s × 1,0.11166666666666666,0.10088920659365967,0.12343736591634348,600.0,415.8883083359673,1.0
P1_validate_simulators,I,distribution,600.0,0.05,1,600s × 1,0.10433333333333333,0.0938957600933863,0.11578290219792164,600.0,415.8883083359673,1.0
P1_validate_simulators,I,event_bernoulli,600.0,0.05,2,600s × 2,0.0013333333333333333,0.000518625649661701,0.003423479479063393,1200.0,1007.0081940099967,2.0
P1_validate_simulators,I,distribution,600.0,0.05,2,600s × 2,0.0003333333333333333,5.884394187156636e-05,0.0018858188843041794,1200.0,1007.0081940099967,2.0
P1_validate_simulators,I,event_bernoulli,600.0,0.05,2,600s × 2,0.011666666666666667,0.008400690168042686,0.016181652087025673,1200.0,1007.0081940099967,2.0
P1_validate_simulators,I,distribution,600.0,0.05,2,600s × 2,0.013666666666666667,0.010090333246530282,0.018486893613636774,1200.0,1007.0081940099967,2.0
P1_validate_simulators,I,event_bernoulli,600.0,0.05,3,600s × 3,0.0,0.0,0.0012788487253259629,1800.0,1604.436188234137,3.0
P1_validate_simulators,I,distribution,600.0,0.05,3,600s × 3,0.0,0.0,0.0012788487253259629,1800.0,1604.436188234137,3.0
P1_validate_simulators,I,event_bernoulli,600.0,0.05,3,600s × 3,0.004,0.002289680812108522,0.006978937123414834,1800.0,1604.436188234137,3.0
P1_validate_simulators,I,distribution,600.0,0.05,3,600s × 3,0.0016666666666666668,0.0007121039409388156,0.0038958152886360608,1800.0,1604.436188234137,3.0
P1_validate_simulators,I,event_bernoulli,600.0,0.05,5,600s × 5,0.0,0.0,0.0012788487253259629,3000.0,2802.5453296775913,5.0
P1_validate_simulators,I,distribution,600.0,0.05,5,600s × 5,0.0,0.0,0.0012788487253259629,3000.0,2802.5453296775913,5.0
P1_validate_simulators,I,event_bernoulli,600.0,0.05,5,600s × 5,0.0,0.0,0.0012788487253259629,3000.0,2802.5453296775913,5.0
P1_validate_simulators,I,distribution,600.0,0.05,5,600s × 5,0.0003333333333333333,5.884394187156636e-05,0.0018858188843041794,3000.0,2802.5453296775913,5.0
P1_validate_simulators,I,event_bernoulli,600.0,0.05,10,600s × 10,0.0,0.0,0.0012788487253259629,6000.0,5801.228768828478,10.0
P1_validate_simulators,I,distribution,600.0,0.05,10,600s × 10,0.0,0.0,0.0012788487253259629,6000.0,5801.228768828478,10.0
P1_validate_simulators,I,event_bernoulli,600.0,0.05,10,600s × 10,0.0,0.0,0.0012788487253259629,6000.0,5801.228768828478,10.0
P1_validate_simulators,I,distribution,600.0,0.05,10,600s × 10,0.0,0.0,0.0012788487253259629,6000.0,5801.228768828478,10.0
P1_validate_simulators,I,event_bernoulli,600.0,0.1,1,600s × 1,0.029666666666666668,0.024170985762442643,0.03636531793851398,600.0,415.8883083359673,1.0
P1_validate_simulators,I,distribution,600.0,0.1,1,600s × 1,0.03,0.024471151094961868,0.03673096670684454,600.0,415.8883083359673,1.0
P1_validate_simulators,I,event_bernoulli,600.0,0.1,1,600s × 1,0.195,0.1812161497232954,0.20956394799915345,600.0,415.8883083359673,1.0
P1_validate_simulators,I,distribution,600.0,0.1,1,600s × 1,0.2,0.18607411280390723,0.21469319643128834,600.0,415.8883083359673,1.0
P1_validate_simulators,I,event_bernoulli,600.0,0.1,2,600s × 2,0.010666666666666666,0.007565902880806794,0.015018997071712215,1200.0,1007.0081940099967,2.0
P1_validate_simulators,I,distribution,600.0,0.1,2,600s × 2,0.012,0.00868053864352185,0.01656761771239629,1200.0,1007.0081940099967,2.0
P1_validate_simulators,I,event_bernoulli,600.0,0.1,2,600s × 2,0.052333333333333336,0.04492136585872145,0.0608902967000204,1200.0,1007.0081940099967,2.0
P1_validate_simulators,I,distribution,600.0,0.1,2,600s × 2,0.058,0.050187262845582316,0.06694323942760584,1200.0,1007.0081940099967,2.0
P1_validate_simulators,I,event_bernoulli,600.0,0.1,3,600s × 3,0.004,0.002289680812108522,0.006978937123414834,1800.0,1604.436188234137,3.0
P1_validate_simulators,I,distribution,600.0,0.1,3,600s × 3,0.0013333333333333333,0.000518625649661701,0.003423479479063393,1800.0,1604.436188234137,3.0
P1_validate_simulators,I,event_bernoulli,600.0,0.1,3,600s × 3,0.018333333333333333,0.014112458346255942,0.02378616592580807,1800.0,1604.436188234137,3.0
P1_validate_simulators,I,distribution,600.0,0.1,3,600s × 3,0.018666666666666668,0.014403168044713588,0.024161270328200212,1800.0,1604.436188234137,3.0
P1_validate_simulators,I,event_bernoulli,600.0,0.1,5,600s × 5,0.0003333333333333333,5.884394187156636e-05,0.0018858188843041794,3000.0,2802.5453296775913,5.0
P1_validate_simulators,I,distribution,600.0,0.1,5,600s × 5,0.0003333333333333333,5.884394187156636e-05,0.0018858188843041794,3000.0,2802.5453296775913,5.0
P1_validate_simulators,I,event_bernoulli,600.0,0.1,5,600s × 5,0.002,0.0009169302695833239,0.004356803060841335,3000.0,2802.5453296775913,5.0
P1_validate_simulators,I,distribution,600.0,0.1,5,600s × 5,0.0016666666666666668,0.0007121039409388156,0.0038958152886360608,3000.0,2802.5453296775913,5.0
P1_validate_simulators,I,event_bernoulli,600.0,0.1,10,600s × 10,0.0,0.0,0.0012788487253259629,6000.0,5801.228768828478,10.0
P1_validate_simulators,I,distribution,600.0,0.1,10,600s × 10,0.0,0.0,0.0012788487253259629,6000.0,5801.228768828478,10.0
P1_validate_simulators,I,event_bernoulli,600.0,0.1,10,600s × 10,0.0,0.0,0.0012788487253259629,6000.0,5801.228768828478,10.0
P1_validate_simulators,I,distribution,600.0,0.1,10,600s × 10,0.0,0.0,0.0012788487253259629,6000.0,5801.228768828478,10.0
P1_validate_simulators,I,event_bernoulli,600.0,0.2,1,600s × 1,0.11566666666666667,0.10471036265529522,0.12760597906490534,600.0,415.8883083359673,1.0
P1_validate_simulators,I,distribution,600.0,0.2,1,600s × 1,0.126,0.1146013917727821,0.13835518707376168,600.0,415.8883083359673,1.0
P1_validate_simulators,I,event_bernoulli,600.0,0.2,1,600s × 1,0.39066666666666666,0.37335814491150005,0.40825483000977125,600.0,415.8883083359673,1.0
P1_validate_simulators,I,distribution,600.0,0.2,1,600s × 1,0.3933333333333333,0.376000332524318,0.41093915520375146,600.0,415.8883083359673,1.0
P1_validate_simulators,I,event_bernoulli,600.0,0.2,2,600s × 2,0.07333333333333333,0.06454074216888286,0.08321720874339528,1200.0,1007.0081940099967,2.0
P1_validate_simulators,I,distribution,600.0,0.2,2,600s × 2,0.07566666666666666,0.06673627246331723,0.08568237715490938,1200.0,1007.0081940099967,2.0
P1_validate_simulators,I,event_bernoulli,600.0,0.2,2,600s × 2,0.209,0.1948271635659635,0.2239171263921762,1200.0,1007.0081940099967,2.0
P1_validate_simulators,I,distribution,600.0,0.2,2,600s × 2,0.204,0.1899629967994489,0.21879408164594405,1200.0,1007.0081940099967,2.0
P1_validate_simulators,I,event_bernoulli,600.0,0.2,3,600s × 3,0.041,0.03447168327024165,0.048702299859607584,1800.0,1604.436188234137,3.0
P1_validate_simulators,I,distribution,600.0,0.2,3,600s × 3,0.043666666666666666,0.036919139743031126,0.05158135619361637,1800.0,1604.436188234137,3.0
P1_validate_simulators,I,event_bernoulli,600.0,0.2,3,600s × 3,0.12,0.10885485831348496,0.13211706671776274,1800.0,1604.436188234137,3.0
P1_validate_simulators,I,distribution,600.0,0.2,3,600s × 3,0.11933333333333333,0.10821692059145281,0.13142337623809536,1800.0,1604.436188234137,3.0
P1_validate_simulators,I,event_bernoulli,600.0,0.2,5,600s × 5,0.010333333333333333,0.0072893445673752255,0.014629741284294003,3000.0,2802.5453296775913,5.0
P1_validate_simulators,I,distribution,600.0,0.2,5,600s × 5,0.014,0.01037422539868387,0.01886881556233297,3000.0,2802.5453296775913,5.0
P1_validate_simulators,I,event_bernoulli,600.0,0.2,5,600s × 5,0.04066666666666666,0.03416630327106453,0.04834186575793492,3000.0,2802.5453296775913,5.0
P1_validate_simulators,I,distribution,600.0,0.2,5,600s × 5,0.03866666666666667,0.03233675293648952,0.04617653148741124,3000.0,2802.5453296775913,5.0
P1_validate_simulators,I,event_bernoulli,600.0,0.2,10,600s × 10,0.0026666666666666666,0.0013518647401935516,0.005253496791930672,6000.0,5801.228768828478,10.0
P1_validate_simulators,I,distribution,600.0,0.2,10,600s × 10,0.0,0.0,0.0012788487253259629,6000.0,5801.228768828478,10.0
P1_validate_simulators,I,event_bernoulli,600.0,0.2,10,600s × 10,0.003,0.0015791325142942543,0.005692043118679753,6000.0,5801.228768828478,10.0
P1_validate_simulators,I,distribution,600.0,0.2,10,600s × 10,0.004,0.002289680812108522,0.006978937123414834,6000.0,5801.228768828478,10.0
P1_validate_simulators,I,event_bernoulli,600.0,0.3,1,600s × 1,0.31066666666666665,0.2943580317725332,0.3274595589447902,600.0,415.8883083359673,1.0
P1_validate_simulators,I,distribution,600.0,0.3,1,600s × 1,0.30733333333333335,0.2910781656234844,0.32408128408534126,600.0,415.8883083359673,1.0
P1_validate_simulators,I,event_bernoulli,600.0,0.3,1,600s × 1,0.5926666666666667,0.5749770300300239,0.6101192900062157,600.0,415.8883083359673,1.0
P1_validate_simulators,I,distribution,600.0,0.3,1,600s × 1,0.5923333333333334,0.5746418819039626,0.6097886240314273,600.0,415.8883083359673,1.0
P1_validate_simulators,I,event_bernoulli,600.0,0.3,2,600s × 2,0.225,0.21041438351989558,0.2402889832790337,1200.0,1007.0081940099967,2.0
P1_validate_simulators,I,distribution,600.0,0.3,2,600s × 2,0.22833333333333333,0.21366575160276177,0.24369575620466535,1200.0,1007.0081940099967,2.0
P1_validate_simulators,I,event_bernoulli,600.0,0.3,2,600s × 2,0.429,0.41139125732672105,0.44679033919227523,1200.0,1007.0081940099967,2.0
P1_validate_simulators,I,distribution,600.0,0.3,2,600s × 2,0.434,0.41636016523611385,0.45180864279562916,1200.0,1007.0081940099967,2.0
P1_validate_simulators,I,event_bernoulli,600.0,0.3,3,600s × 3,0.18666666666666668,0.17312756554990968,0.20100717965129458,1800.0,1604.436188234137,3.0
P1_validate_simulators,I,distribution,600.0,0.3,3,600s × 3,0.17833333333333334,0.16504945506000365,0.19243993761995606,1800.0,1604.436188234137,3.0
P1_validate_simulators,I,event_bernoulli,600.0,0.3,3,600s × 3,0.32133333333333336,0.3048602862190872,0.33826335572542937,1800.0,1604.436188234137,3.0
P1_validate_simulators,I,distribution,600.0,0.3,3,600s × 3,0.3273333333333333,0.31077220434862224,0.3443360914111903,1800.0,1604.436188234137,3.0
P1_validate_simulators,I,event_bernoulli,600.0,0.3,5,600s × 5,0.10866666666666666,0.09802632074886564,0.12030792485348947,3000.0,2802.5453296775913,5.0
P1_validate_simulators,I,distribution,600.0,0.3,5,600s × 5,0.115,0.10407319548539025,0.12691151803311074,3000.0,2802.5453296775913,5.0
P1_validate_simulators,I,event_bernoulli,600.0,0.3,5,600s × 5,0.201,0.1870461266894499,0.21571862484829507,3000.0,2802.5453296775913,5.0
P1_validate_simulators,I,distribution,600.0,0.3,5,600s × 5,0.201,0.1870461266894499,0.21571862484829507,3000.0,2802.5453296775913,5.0
P1_validate_simulators,I,event_bernoulli,600.0,0.3,10,600s × 10,0.041,0.03447168327024165,0.048702299859607584,6000.0,5801.228768828478,10.0
P1_validate_simulators,I,distribution,600.0,0.3,10,600s × 10,0.03866666666666667,0.03233675293648952,0.04617653148741124,6000.0,5801.228768828478,10.0
P1_validate_simulators,I,event_bernoulli,600.0,0.3,10,600s × 10,0.072,0.06328737179829914,0.08180732271057986,6000.0,5801.228768828478,10.0
P1_validate_simulators,I,distribution,600.0,0.3,10,600s × 10,0.05733333333333333,0.04956652543178161,0.06623234863970698,6000.0,5801.228768828478,10.0
P1_validate_simulators,I,event_bernoulli,600.0,0.4,1,600s × 1,0.579,0.5612427795917018,0.5965551623096966,600.0,415.8883083359673,1.0
P1_validate_simulators,I,distribution,600.0,0.4,1,600s × 1,0.5803333333333334,0.5625820933674412,0.5978791049373564,600.0,415.8883083359673,1.0
P1_validate_simulators,I,event_bernoulli,600.0,0.4,1,600s × 1,0.8063333333333333,0.7918044528275122,0.8200787058534381,600.0,415.8883083359673,1.0
P1_validate_simulators,I,distribution,600.0,0.4,1,600s × 1,0.7963333333333333,0.7815475748226328,0.810361160832824,600.0,415.8883083359673,1.0
P1_validate_simulators,I,event_bernoulli,600.0,0.4,2,600s × 2,0.5236666666666666,0.5057759190640659,0.5414968820962686,1200.0,1007.0081940099967,2.0
P1_validate_simulators,I,distribution,600.0,0.4,2,600s × 2,0.5276666666666666,0.5097781469309245,0.5454844234396075,1200.0,1007.0081940099967,2.0
P1_validate_simulators,I,event_bernoulli,600.0,0.4,2,600s × 2,0.7116666666666667,0.6951944499632525,0.7275975040763596,1200.0,1007.0081940099967,2.0
P1_validate_simulators,I,distribution,600.0,0.4,2,600s × 2,0.6856666666666666,0.6688254942674486,0.7020329599058803,1200.0,1007.0081940099967,2.0
P1_validate_simulators,I,event_bernoulli,600.0,0.4,3,600s × 3,0.4866666666666667,0.4688095712566743,0.5045578647093345,1800.0,1604.436188234137,3.0
P1_validate_simulators,I,distribution,600.0,0.4,3,600s × 3,0.483,0.46515156788590395,0.5008919129707571,1800.0,1604.436188234137,3.0
P1_validate_simulators,I,event_bernoulli,600.0,0.4,3,600s × 3,0.634,0.6166013727405258,0.6510558958010868,1800.0,1604.436188234137,3.0
P1_validate_simulators,I,distribution,600.0,0.4,3,600s × 3,0.6456666666666667,0.6283744967628982,0.6625862653084569,1800.0,1604.436188234137,3.0
P1_validate_simulators,I,event_bernoulli,600.0,0.4,5,600s × 5,0.4176666666666667,0.4001352287917567,0.43540868829834695,3000.0,2802.5453296775913,5.0
P1_validate_simulators,I,distribution,600.0,0.4,5,600s × 5,0.4116666666666667,0.39418001885754433,0.4293792444172633,3000.0,2802.5453296775913,5.0
P1_validate_simulators,I,event_bernoulli,600.0,0.4,5,600s × 5,0.5346666666666666,0.5167848094585114,0.552459857029866,3000.0,2802.5453296775913,5.0
P1_validate_simulators,I,distribution,600.0,0.4,5,600s × 5,0.5386666666666666,0.5207901988730713,0.5564442368255034,3000.0,2802.5453296775913,5.0
P1_validate_simulators,I,event_bernoulli,600.0,0.4,10,600s × 10,0.2773333333333333,0.2616059892768994,0.29363019135544577,6000.0,5801.228768828478,10.0
P1_validate_simulators,I,distribution,600.0,0.4,10,600s × 10,0.26866666666666666,0.253108107892979,0.2848169061172718,6000.0,5801.228768828478,10.0
P1_validate_simulators,I,event_bernoulli,600.0,0.4,10,600s × 10,0.38,0.36279488154145845,0.3975120421526198,6000.0,5801.228768828478,10.0
P1_validate_simulators,I,distribution,600.0,0.4,10,600s × 10,0.375,0.35784640109265925,0.3924733110886722,6000.0,5801.228768828478,10.0
P2_policy_comparison,I,distribution,600.0,0.1,1,600s × 1,0.19266666666666668,0.17895032096655952,0.20716907804994086,600.0,415.8883083359673,1.0
P2_policy_comparison,I,distribution,60.0,0.1,1,60s × 1,0.19266666666666668,0.17895032096655952,0.20716907804994086,60.0,41.58883083359673,0.1
P2_policy_comparison,I,distribution,60.0,0.1,2,60s × 2,0.05533333333333333,0.04770621606483645,0.06409777340155343,120.0,100.70081940099968,0.2
P2_policy_comparison,I,distribution,60.0,0.1,3,60s × 3,0.01633333333333333,0.012377016667028245,0.021526722999937072,180.0,160.44361882341371,0.30000000000000004
P2_policy_comparison,I,distribution,60.0,0.1,5,60s × 5,0.0023333333333333335,0.0011307320906370833,0.004808815340637359,300.0,280.25453296775913,0.5
P2_policy_comparison,I,distribution,60.0,0.1,10,60s × 10,0.0,0.0,0.0012788487253259629,600.0,580.1228768828478,1.0
P3_decomposition,I,analytical_decomposition,,0.1,1,600s × 1,0.09999999999999995,,,,,
P3_decomposition,I,analytical_decomposition,,0.1,1,600s × 1,0.09,,,,,
P3_decomposition,I,analytical_decomposition,,0.1,1,600s × 1,0.009999999999999995,,,,,
P3_decomposition,I,analytical_decomposition,,0.1,1,60s × 1,0.09999999999999995,,,,,
P3_decomposition,I,analytical_decomposition,,0.1,1,60s × 1,0.09,,,,,
P3_decomposition,I,analytical_decomposition,,0.1,1,60s × 1,0.009999999999999995,,,,,
P3_decomposition,I,analytical_decomposition,,0.1,2,60s × 2,0.009999999999999998,,,,,
P3_decomposition,I,analytical_decomposition,,0.1,2,60s × 2,0.018,,,,,
P3_decomposition,I,analytical_decomposition,,0.1,2,60s × 2,0.024300000000000002,,,,,
P3_decomposition,I,analytical_decomposition,,0.1,2,60s × 2,0.003699999999999997,,,,,
P3_decomposition,I,analytical_decomposition,,0.1,3,60s × 3,0.0010000000000000005,,,,,
P3_decomposition,I,analytical_decomposition,,0.1,3,60s × 3,0.002700000000000001,,,,,
P3_decomposition,I,analytical_decomposition,,0.1,3,60s × 3,0.00486,,,,,
P3_decomposition,I,analytical_decomposition,,0.1,3,60s × 3,0.007289999999999998,,,,,
P3_decomposition,I,analytical_decomposition,,0.1,3,60s × 3,0.0012699999999999988,,,,,
P3_decomposition,I,analytical_decomposition,,0.1,5,60s × 5,1e-05,,,,,
P3_decomposition,I,analytical_decomposition,,0.1,5,60s × 5,4.4999999999999996e-05,,,,,
P3_decomposition,I,analytical_decomposition,,0.1,5,60s × 5,0.00012150000000000003,,,,,
P3_decomposition,I,analytical_decomposition,,0.1,5,60s × 5,0.0002551499999999998,,,,,
P3_decomposition,I,analytical_decomposition,,0.1,5,60s × 5,0.0004592699999999997,,,,,
P3_decomposition,I,analytical_decomposition,,0.1,5,60s × 5,0.0007440173999999993,,,,,
P3_decomposition,I,analytical_decomposition,,0.1,5,60s × 5,0.00014690259999999982,,,,,
P3_decomposition,I,analytical_decomposition,,0.1,10,60s × 10,1.0000000000000006e-10,,,,,
P3_decomposition,I,analytical_decomposition,,0.1,10,60s × 10,9.000000000000005e-10,,,,,
P3_decomposition,I,analytical_decomposition,,0.1,10,60s × 10,4.455000000000004e-09,,,,,
P3_decomposition,I,analytical_decomposition,,0.1,10,60s × 10,1.6037999999999994e-08,,,,,
P3_decomposition,I,analytical_decomposition,,0.1,10,60s × 10,4.691115000000009e-08,,,,,
P3_decomposition,I,analytical_decomposition,,0.1,10,60s × 10,1.1821609799999999e-07,,,,,
P3_decomposition,I,analytical_decomposition,,0.1,10,60s × 10,2.659862204999996e-07,,,,,
P3_decomposition,I,analytical_decomposition,,0.1,10,60s × 10,5.471716535999997e-07,,,,,
P3_decomposition,I,analytical_decomposition,,0.1,10,60s × 10,1.046465787509998e-06,,,,,
P3_decomposition,I,analytical_decomposition,,0.1,10,60s × 10,1.8836384175180009e-06,,,,,
P3_decomposition,I,analytical_decomposition,,0.1,10,60s × 10,3.2210216939557704e-06,,,,,
P3_decomposition,I,analytical_decomposition,,0.1,10,60s × 10,7.088606331722185e-07,,,,,
P4_interval_comparison,I,distribution,600.0,0.1,1,600s × 1,0.20666666666666667,0.19255680080495277,0.22152679044723844,600.0,415.8883083359673,1.0
P4_interval_comparison,I,distribution,60.0,0.1,1,60s × 1,0.20666666666666667,0.19255680080495277,0.22152679044723844,60.0,41.58883083359673,0.1
P4_interval_comparison,I,distribution,600.0,0.1,2,600s × 2,0.05466666666666667,0.0470867650230451,0.06338559624164523,1200.0,1007.0081940099967,2.0
P4_interval_comparison,I,distribution,60.0,0.1,2,60s × 2,0.05466666666666667,0.0470867650230451,0.06338559624164523,120.0,100.70081940099968,0.2
P4_interval_comparison,I,distribution,600.0,0.1,3,600s × 3,0.017666666666666667,0.013532252704955042,0.023034743365409407,1800.0,1604.436188234137,3.0
P4_interval_comparison,I,distribution,60.0,0.1,3,60s × 3,0.017666666666666667,0.013532252704955042,0.023034743365409407,180.0,160.44361882341371,0.30000000000000004
P4_interval_comparison,I,distribution,600.0,0.1,5,600s × 5,0.003,0.0015791325142942543,0.005692043118679753,3000.0,2802.5453296775913,5.0
P4_interval_comparison,I,distribution,60.0,0.1,5,60s × 5,0.003,0.0015791325142942543,0.005692043118679753,300.0,280.25453296775913,0.5
P4_interval_comparison,I,distribution,600.0,0.1,10,600s × 10,0.0,0.0,0.0012788487253259629,6000.0,5801.228768828478,10.0
P4_interval_comparison,I,distribution,60.0,0.1,10,60s × 10,0.0,0.0,0.0012788487253259629,600.0,580.1228768828478,1.0
P5_coinbase_claim,I,doublespend_break_even,,0.1,1,,0.1,,,,,
P5_coinbase_claim,I,doublespend_break_even,,0.1,2,,0.028000000000000008,,,,,
P5_coinbase_claim,I,doublespend_break_even,,0.1,3,,0.008560000000000002,,,,,
P5_coinbase_claim,I,doublespend_break_even,,0.1,4,,0.0027280000000000004,,,,,
P5_coinbase_claim,I,doublespend_break_even,,0.1,5,,0.0008909200000000001,,,,,
P5_coinbase_claim,I,doublespend_break_even,,0.1,10,,3.929882327128003e-06,,,,,
P5_coinbase_claim,I,sniping_break_even,,0.1,1,,0.010000000000000002,,,,,
P5_coinbase_claim,I,sniping_break_even,,0.1,2,,0.0037000000000000006,,,,,
P5_coinbase_claim,I,sniping_break_even,,0.1,2,,0.0004600000000000001,,,,,
P5_coinbase_claim,I,sniping_break_even,,0.1,3,,0.00017650000000000003,,,,,
P5_coinbase_claim,I,sniping_break_even,,0.1,5,,3.4135300000000013e-06,,,,,
P5_coinbase_claim,I,sniping_break_even,,0.1,10,,5.399429695596105e-10,,,,,
P6_equal_chainwork,I,distribution,600.0,0.1,1,600s × 1,0.19333333333333333,0.17959762031963797,0.20785340689856194,600.0,415.8883083359673,1.0
P6_equal_chainwork,I,distribution,60.0,0.1,10,60s × 10,0.0,0.0,0.0012788487253259629,600.0,580.1228768828478,1.0
P6_equal_chainwork,I,distribution,600.0,0.1,2,600s × 2,0.055,0.04739644898468132,0.06374172638085879,1200.0,1007.0081940099967,2.0
P6_equal_chainwork,I,distribution,60.0,0.1,20,60s × 20,0.0,0.0,0.0012788487253259629,1200.0,1180.0603453983404,2.0
P6_equal_chainwork,I,distribution,600.0,0.1,3,600s × 3,0.021,0.016448549643311834,0.026776587435550444,1800.0,1604.436188234137,3.0
P6_equal_chainwork,I,distribution,60.0,0.1,30,60s × 30,0.0,0.0,0.0012788487253259629,1800.0,1780.0399882932738,3.0
P7_equal_elapsed_time,I,finite_horizon,600.0,0.1,1,"1 conf, 600s",0.0006666666666666666,0.00018284308780954392,0.0024276338392159843,,,
P7_equal_elapsed_time,I,finite_horizon,60.0,0.1,1,"1 conf, 60s",0.024666666666666667,0.019694551092243353,0.030854541095966533,,,
P7_equal_elapsed_time,I,finite_horizon,600.0,0.1,1,"1 conf, 600s",0.0013333333333333333,0.000518625649661701,0.003423479479063393,,,
P7_equal_elapsed_time,I,finite_horizon,60.0,0.1,1,"1 conf, 60s",0.11466666666666667,0.10375465754882171,0.12656424186882947,,,
P7_equal_elapsed_time,I,finite_horizon,600.0,0.1,1,"1 conf, 600s",0.0026666666666666666,0.0013518647401935516,0.005253496791930672,,,
P7_equal_elapsed_time,I,finite_horizon,60.0,0.1,1,"1 conf, 60s",0.16233333333333333,0.1495709968935688,0.17595931894560132,,,
P7_equal_elapsed_time,I,finite_horizon,600.0,0.1,1,"1 conf, 600s",0.010333333333333333,0.0072893445673752255,0.014629741284294003,,,
P7_equal_elapsed_time,I,finite_horizon,60.0,0.1,1,"1 conf, 60s",0.192,0.17830308622614982,0.20648468458865096,,,
P7_equal_elapsed_time,I,finite_horizon,600.0,0.1,1,"1 conf, 600s",0.02033333333333333,0.015862385257792645,0.026031123619370062,,,
P7_equal_elapsed_time,I,finite_horizon,60.0,0.1,1,"1 conf, 60s",0.19833333333333333,0.18445439974566122,0.21298383898528542,,,
P7_equal_elapsed_time,I,finite_horizon,600.0,0.1,1,"1 conf, 600s",0.078,0.0689344186666951,0.08814492965748,,,
P7_equal_elapsed_time,I,finite_horizon,60.0,0.1,1,"1 conf, 60s",0.2,0.18607411280390723,0.21469319643128834,,,
P7_equal_elapsed_time,I,finite_horizon,600.0,0.1,1,"1 conf, 600s",0.11,0.09929839195629818,0.12169911004945606,,,
P7_equal_elapsed_time,I,finite_horizon,60.0,0.1,1,"1 conf, 60s",0.20866666666666667,0.1945027815853542,0.22357569427193574,,,
P7_equal_elapsed_time,I,finite_horizon,600.0,0.1,1,"1 conf, 600s",0.14933333333333335,0.1370280793696852,0.16253548653634342,,,
P7_equal_elapsed_time,I,finite_horizon,60.0,0.1,1,"1 conf, 60s",0.18833333333333332,0.17474446165617466,0.2027193540492785,,,
P7_equal_elapsed_time,I,finite_horizon,600.0,0.1,1,"1 conf, 600s",0.19466666666666665,0.18089241185122118,0.20922187177037785,,,
P7_equal_elapsed_time,I,finite_horizon,60.0,0.1,1,"1 conf, 60s",0.20433333333333334,0.1902871695773539,0.21913572296888886,,,
P8_frontier,I,distribution,600.0,0.05,1,600s × 1,0.094,0.08407021959035776,0.1049682055746069,600.0,415.8883083359673,1.0
P8_frontier,I,distribution,600.0,0.05,2,600s × 2,0.014666666666666666,0.010943766686006837,0.019630902476709566,1200.0,1007.0081940099967,2.0
P8_frontier,I,distribution,600.0,0.05,3,600s × 3,0.0013333333333333333,0.000518625649661701,0.003423479479063393,1800.0,1604.436188234137,3.0
P8_frontier,I,distribution,600.0,0.05,5,600s × 5,0.0003333333333333333,5.884394187156636e-05,0.0018858188843041794,3000.0,2802.5453296775913,5.0
P8_frontier,I,distribution,600.0,0.05,10,600s × 10,0.0,0.0,0.0012788487253259629,6000.0,5801.228768828478,10.0
P8_frontier,I,distribution,60.0,0.05,1,60s × 1,0.094,0.08407021959035776,0.1049682055746069,60.0,41.58883083359673,0.1
P8_frontier,I,distribution,60.0,0.05,2,60s × 2,0.014666666666666666,0.010943766686006837,0.019630902476709566,120.0,100.70081940099968,0.2
P8_frontier,I,distribution,60.0,0.05,3,60s × 3,0.0013333333333333333,0.000518625649661701,0.003423479479063393,180.0,160.44361882341371,0.30000000000000004
P8_frontier,I,distribution,60.0,0.05,5,60s × 5,0.0003333333333333333,5.884394187156636e-05,0.0018858188843041794,300.0,280.25453296775913,0.5
P8_frontier,I,distribution,60.0,0.05,10,60s × 10,0.0,0.0,0.0012788487253259629,600.0,580.1228768828478,1.0
P8_frontier,I,distribution,600.0,0.1,1,600s × 1,0.19666666666666666,0.1828350774722357,0.21127409075446202,600.0,415.8883083359673,1.0
P8_frontier,I,distribution,600.0,0.1,2,600s × 2,0.057666666666666665,0.04987685524861583,0.06658783292372254,1200.0,1007.0081940099967,2.0
P8_frontier,I,distribution,600.0,0.1,3,600s × 3,0.015333333333333332,0.011515523944774946,0.020390773419641017,1800.0,1604.436188234137,3.0
P8_frontier,I,distribution,600.0,0.1,5,600s × 5,0.002,0.0009169302695833239,0.004356803060841335,3000.0,2802.5453296775913,5.0
P8_frontier,I,distribution,600.0,0.1,10,600s × 10,0.0,0.0,0.0012788487253259629,6000.0,5801.228768828478,10.0
P8_frontier,I,distribution,60.0,0.1,1,60s × 1,0.19666666666666666,0.1828350774722357,0.21127409075446202,60.0,41.58883083359673,0.1
P8_frontier,I,distribution,60.0,0.1,2,60s × 2,0.057666666666666665,0.04987685524861583,0.06658783292372254,120.0,100.70081940099968,0.2
P8_frontier,I,distribution,60.0,0.1,3,60s × 3,0.015333333333333332,0.011515523944774946,0.020390773419641017,180.0,160.44361882341371,0.30000000000000004
P8_frontier,I,distribution,60.0,0.1,5,60s × 5,0.002,0.0009169302695833239,0.004356803060841335,300.0,280.25453296775913,0.5
P8_frontier,I,distribution,60.0,0.1,10,60s × 10,0.0,0.0,0.0012788487253259629,600.0,580.1228768828478,1.0
P8_frontier,I,distribution,600.0,0.2,1,600s × 1,0.407,0.38955005238236134,0.42468781348054924,600.0,415.8883083359673,1.0
P8_frontier,I,distribution,600.0,0.2,2,600s × 2,0.21766666666666667,0.20326619669139961,0.23278925988883445,1200.0,1007.0081940099967,2.0
P8_frontier,I,distribution,600.0,0.2,3,600s × 3,0.12633333333333333,0.114920905992387,0.1387014869550066,1800.0,1604.436188234137,3.0
P8_frontier,I,distribution,600.0,0.2,5,600s × 5,0.04133333333333333,0.034777189222072666,0.04906260800862635,3000.0,2802.5453296775913,5.0
P8_frontier,I,distribution,600.0,0.2,10,600s × 10,0.0036666666666666666,0.002048668595200181,0.0065541352394733925,6000.0,5801.228768828478,10.0
P8_frontier,I,distribution,60.0,0.2,1,60s × 1,0.407,0.38955005238236134,0.42468781348054924,60.0,41.58883083359673,0.1
P8_frontier,I,distribution,60.0,0.2,2,60s × 2,0.21766666666666667,0.20326619669139961,0.23278925988883445,120.0,100.70081940099968,0.2
P8_frontier,I,distribution,60.0,0.2,3,60s × 3,0.12633333333333333,0.114920905992387,0.1387014869550066,180.0,160.44361882341371,0.30000000000000004
P8_frontier,I,distribution,60.0,0.2,5,60s × 5,0.04133333333333333,0.034777189222072666,0.04906260800862635,300.0,280.25453296775913,0.5
P8_frontier,I,distribution,60.0,0.2,10,60s × 10,0.0036666666666666666,0.002048668595200181,0.0065541352394733925,600.0,580.1228768828478,1.0
P8_frontier,I,distribution,600.0,0.3,1,600s × 1,0.5953333333333334,0.5776585163912704,0.6127643164517675,600.0,415.8883083359673,1.0
P8_frontier,I,distribution,600.0,0.3,2,600s × 2,0.43433333333333335,0.41669149103468106,0.45214313109791177,1200.0,1007.0081940099967,2.0
P8_frontier,I,distribution,600.0,0.3,3,600s × 3,0.3263333333333333,0.30978666746750577,0.3433241859897574,1800.0,1604.436188234137,3.0
P8_frontier,I,distribution,600.0,0.3,5,600s × 5,0.205,0.19093556046018786,0.2198189602877544,3000.0,2802.5453296775913,5.0
P8_frontier,I,distribution,600.0,0.3,10,600s × 10,0.061,0.05298433102545966,0.07013849815537654,6000.0,5801.228768828478,10.0
P8_frontier,I,distribution,60.0,0.3,1,60s × 1,0.5953333333333334,0.5776585163912704,0.6127643164517675,60.0,41.58883083359673,0.1
P8_frontier,I,distribution,60.0,0.3,2,60s × 2,0.43433333333333335,0.41669149103468106,0.45214313109791177,120.0,100.70081940099968,0.2
P8_frontier,I,distribution,60.0,0.3,3,60s × 3,0.3263333333333333,0.30978666746750577,0.3433241859897574,180.0,160.44361882341371,0.30000000000000004
P8_frontier,I,distribution,60.0,0.3,5,60s × 5,0.205,0.19093556046018786,0.2198189602877544,300.0,280.25453296775913,0.5
P8_frontier,I,distribution,60.0,0.3,10,60s × 10,0.061,0.05298433102545966,0.07013849815537654,600.0,580.1228768828478,1.0
P8_frontier,I,distribution,600.0,0.4,1,600s × 1,0.7946666666666666,0.7798394436616728,0.8087402214895351,600.0,415.8883083359673,1.0
P8_frontier,I,distribution,600.0,0.4,2,600s × 2,0.7073333333333334,0.6907952485510612,0.7233411221775037,1200.0,1007.0081940099967,2.0
P8_frontier,I,distribution,600.0,0.4,3,600s × 3,0.644,0.626691947660212,0.6609397439068941,1800.0,1604.436188234137,3.0
P8_frontier,I,distribution,600.0,0.4,5,600s × 5,0.536,0.518119811257782,0.5537881116339947,3000.0,2802.5453296775913,5.0
P8_frontier,I,distribution,600.0,0.4,10,600s × 10,0.37866666666666665,0.36147509529551947,0.3961685719951596,6000.0,5801.228768828478,10.0
P8_frontier,I,distribution,60.0,0.4,1,60s × 1,0.7946666666666666,0.7798394436616728,0.8087402214895351,60.0,41.58883083359673,0.1
P8_frontier,I,distribution,60.0,0.4,2,60s × 2,0.7073333333333334,0.6907952485510612,0.7233411221775037,120.0,100.70081940099968,0.2
P8_frontier,I,distribution,60.0,0.4,3,60s × 3,0.644,0.626691947660212,0.6609397439068941,180.0,160.44361882341371,0.30000000000000004
P8_frontier,I,distribution,60.0,0.4,5,60s × 5,0.536,0.518119811257782,0.5537881116339947,300.0,280.25453296775913,0.5
P8_frontier,I,distribution,60.0,0.4,10,60s × 10,0.37866666666666665,0.36147509529551947,0.3961685719951596,600.0,580.1228768828478,1.0
